MSG ID,Message Name,Length,Byte,Bit Start,Data Name,Description,Data Type,Min,Max,Scaled Min,Scaled Max,Map Equation,Units,For Indexing Purposes,,,,,
0x000,Debug,64,,,,,,,,,,,,,,,,,
,,,0-63,0,Debug,Essentially a print statement up to 64 bytes long that whichever targeted can parse,s,~,~,~,~,~,,,,,,,
0x001,Ping,4,,,,,,,,,,,,0,,,,,
,,,0-3,0,Timestamp,Time in millis,u32,0,"4,294,967,296",0,"4,294,967,296",1x,ms,1,,,,,
0x002,ECU status,44,,,,,,,,,,,,2,,,,,
,,,0,0,ECU State,TBD,u8,~,~,~,~,~,Bool,2,,,,,
,,,1-3,8,ACU Node Status ,"1: OK, 0: Timeout",b,0,1,~,~,~,Bool,2,,,,,
,,,,9,GR Inv 1 Status,"1: OK, 0: Timeout",b,0,1,~,~,~,Bool,2,,,,,
,,,,10,GR Inv 2 Status,"1: OK, 0: Timeout",b,0,1,~,~,~,Bool,2,,,,,
,,,,11,GR Inv 3 Status,"1: OK, 0: Timeout",b,0,1,~,~,~,Bool,2,,,,,
,,,,12,GR Inv 4 Status,"1: OK, 0: Timeout",b,0,1,~,~,~,Bool,2,,,,,
,,,,13,Fan Controller 1,"1: OK, 0: Timeout",b,0,1,~,~,~,Bool,2,,,,,
,,,,14,Fan Controller 2,"1: OK, 0: Timeout",b,0,1,~,~,~,Bool,2,,,,,
,,,,15,Fan Controller 3,"1: OK, 0: Timeout",b,0,1,~,~,~,Bool,2,,,,,
,,,,16,Fan Controller 4,"1: OK, 0: Timeout",b,0,1,~,~,~,Bool,2,,,,,
,,,,17,Dash,"1: OK, 0: Timeout",b,0,1,~,~,~,Bool,2,,,,,
,,,,18,Steering,"1: OK, 0: Timeout",b,0,1,~,~,~,Bool,2,,,,,
,,,,19-31,Reserved for future use,,~,~,~,~,~,~,~,2,,,,,
,,,4,32,Power Level,"Controls the AC current limits to each of the inverters
Discrete Mapping, actual values TBD (16 possible values)",u4,0,15,~,~,~,~,2,,,,,
,,,,36,Torque Map,The torque map selected; torque map is the mapping of the throttle to the torque sent to each motor,u4,0,16,~,~,~,~,2,,,,,
,,,5,40,Max Cell Temp,the temperature of the hottest cell of the accumulator,u8,0,255,0,63.75,0.25x,Celsius,2,,,,,
,,,6,48,Accumulator State of Charge,% charged of the Accumulator,u8,0,255,0,100,20x/51,%,2,,,,,
,,,7,56,GLV State of Charge,% charged of the Low Voltage Bat,u8,0,255,0,100,20x/51,%,2,,,,,
,,,8-9,64,Tractive System Voltage,Output terminal voltage of accumulator,u16,0,65535,0,655.35,0.01x,Volts,2,,,,,
,,,10-11,80,Vehicle Speed,Absolute value of speed,u16,0,65535,0,655.35,0.01x,MPH,2,,,,,
,,,12-13,96,FR Wheel RPM,Wheel RPM,u16,0,65535,-3276.8,3276.7,0.1x-3276.8,RPM,2,,,,,
,,,14-15,112,FL Wheel RPM,Wheel RPM,u16,0,65535,-3276.8,3276.7,0.1x-3276.8,RPM,2,,,,,
,,,16-17,128,RR Wheel RPM,Wheel RPM,u16,0,65535,-3276.8,3276.7,0.1x-3276.8,RPM,2,,,,,
,,,18-19,144,RL Wheel RPM,Wheel RPM,u16,0,65535,-3276.8,3276.7,0.1x-3276.8,RPM,2,,,,,
,,,20-21,160,GR Inv 1 AC current,"0.01 * current, int16_t",u16,0,65535,-327.68,327.67,0.01x,Amps,2,,,,,
,,,22-23,176,GR Inv 1 Temp,The largest temperature of the three mosfets,u16,0,65535,-327.68,327.67,0.01x-3276.8,Celsius,2,,,,,
,,,24-25,192,Inv 1 RPM,Motor 1 RPM,u16,0,65535,-32768,32767,x-32768,RPM,2,,,,,
,,,26-27,208,GR Inv 2 AC current,"0.01 * current, int16_t",u16,0,65535,-327.68,327.67,0.01x,Amps,2,,,,,
,,,28-29,224,GR Inv 2 Temp,The largest temperature of the three mosfets,u16,0,65535,-327.68,327.67,0.01x-3276.8,Celsius,2,,,,,
,,,30-31,240,GR Inv 2 RPM,Motor 2 RPM,u16,0,65535,-32768,32767,x-32768,RPM,2,,,,,
,,,32-33,256,GR Inv 3 AC current,"0.01 * current, int16_t",u16,0,65535,-327.68,327.67,0.01x,Amps,2,,,,,
,,,34-35,272,GR Inv 3 Temp,The largest temperature of the three mosfets,u16,0,65535,-327.68,327.67,0.01x-3276.8,Celsius,2,,,,,
,,,36-37,288,GR Inv 3 RPM,Motor 3 RPM,u16,0,65535,-32768,32767,x-32768,RPM,2,,,,,
,,,38-39,304,GR Inv 4 AC current,"0.01 * current, int16_t",u16,0,65535,-327.68,327.67,0.01x,Amps,2,,,,,
,,,40-41,320,GR Inv 4 Temp,The largest temperature of the three mosfets,u16,0,65535,-327.68,327.67,0.01x-3276.8,Celsius,2,,,,,
,,,42-43,336,GR Inv 4 RPM,Motor 4 RPM,u16,0,65535,-32768,32767,x-32768,RPM,2,,,,,
0x003,ECU config,0,,,,,,,,,,,,3,,,,,
,,,0,0,Reserved,"Reserved, Currently all selection will be done in response to Dash & Steering status messages",~,~,~,~,~,~,~,3,,,,,
0x004,ACU Status,24,,,,,,,,,,,,4,,,,,
,,,0-1,0,Accumulator Voltage,All cell voltages added up,u16,0,65535,0,655.35,0.01x,Volts,4,,,,,
,,,2-3,16,TS Voltage,Output terminal voltage of accumulator,u16,0,65535,0,655.35,0.01x,Volts,4,,,,,
,,,4-5,32,Accumulator Current,Current output of accumulator,u16,0,65535,-327.68,327.67,0.01x-327.68,Amps,4,,,,,
,,,6,48,Accumulator SOC,Accumulator state of charge (Based on lowest cell),u8,0,255,0,100,20x/51,%,4,,,,,
,,,7,56,GLV SOC,GLV state of charge,u8,0,255,0,100,20x/51,%,4,,,,,
,,,8,64,20v Voltage,20v GLV voltage,u8,0,255,0,25.5,0.1x,Volts,4,,,,,
,,,9,72,12v Voltage,12v supply voltage,u8,0,255,0,25.5,0.1x,Volts,4,,,,,
,,,10,80,SDC Voltage,Voltage before ACU Latch,u8,0,255,0,25.5,0.1x,Volts,4,,,,,
,,,11,88,Min Cell Voltage,Lowest cell voltage in accumulator,u8,0,255,2,4.55,0.01x+2,Volts,4,,,,,
,,,12,96,Max Cell Temp,Hottest cell in accumulator,u8,0,255,0,63.75,0.25x,Celsius,4,,,,,
,,,13,104,Over Temp Error,Over temp (>60c),b,0,1,~,~,~,Bool,4,,,,,
,,,,105,Over Voltage Error,Over voltage (>4.2v per cell),b,0,1,~,~,~,Bool,4,,,,,
,,,,106,Under Voltage Error,Under voltage (<2.5v per cell),b,0,1,~,~,~,Bool,4,,,,,
,,,,107,Over Current Error,Over current (discharge),b,0,1,~,~,~,Bool,4,,,,,
,,,,108,Under Current Error,Over current (charging),b,0,1,~,~,~,Bool,4,,,,,
,,,,109,Under Voltage 20v Warning,20v GLV too low (<15?),b,0,1,~,~,~,Bool,4,,,,,
,,,,110,Under Voltage 12v Warning,12v supply too low (<10?),b,0,1,~,~,~,Bool,4,,,,,
,,,,111,Under Voltage SDC Warning,SDC too low (<9?),b,0,1,~,~,~,Bool,4,,,,,
,,,14,112,Precharge Error,Precharge timed out,b,0,1,~,~,~,Bool,4,,,,,
,,,15,120,IR- / Precharge State,0: Open           1: Closed,b,0,1,~,~,~,Bool,4,,,,,
,,,,121,IR+ State,0: Open           1: Closed,b,0,1,~,~,~,Bool,4,,,,,
,,,,122,Software Latch,0: Open           1: Closed,b,0,1,~,~,~,Bool,4,,,,,
,,,16-17,128,HV Input Voltage,600v input voltage,u16,0,65535,0,655.35,0.01x,Volts,4,,,,,
,,,18-19,144,HV Output Voltage,20v output voltage,u16,0,65535,0,655.35,0.01x,Volts,4,,,,,
,,,20-21,160,HV Input Current,600v input current,u16,0,65535,0,65.535,0.001x,Amps,4,,,,,
,,,22-23,176,HV Output Current,20v output current,u16,0,65535,0,65.535,0.001x,Amps,4,,,,,
0x005,ACU Precharge,1,,,,,,,,,,,,5,,,,,
,,,0,0,Set TS Active,"0: shutdown, 1: go TS Active/Precharge",b,0,1,~,~,~,Bool,5,,,,,
0x006,ACU Config Charge Parameters,4,,,,,,,,,,,,6,,,,,
,,,0-1,0,Charge Voltage,Sets the Target Charging voltage,u16,0,65535,0,6553.5,0.1x,Volts,6,,,,,
,,,2-3,16,Charge Current,Sets the Target Charging Current,u16,0,65535,0,6553.5,0.1x,Amps,6,,,,,
0x007,ACU Config Operational Parameters,2,,,,,,,,,,,,7,,,,,
,,,0,0,Minimium Cell Voltage,Sets the threshold for Minimum Cell Voltage before Shutdown,u8,0,255,2,4.55,0.01x+2,Volts,7,,,,,
,,,1,8,Max Cell Temperature,Sets the threshold for Max Cell Temperature before Shutdown,u8,0,255,0,63.75,0.25x,Celsius,7,,,,,
0x008,ACU Cell Data 1,64,,,,,,,,,,,,8,,,,,
,,,0,0,Cell 0 Voltage,Cell  n voltage,u8,0,255,2,4.55,0.01x+2,Volts,8,,,,,
,,,1,8,Cell 0 Temp,Cell n temperature,u8,0,255,0,63.75,0.25x,Celsius,8,,,,,
,,,2,16,Cell 1 Voltage,Cell  n voltage,u8,0,255,2,4.55,0.01x+2,Volts,8,,,,,
,,,3,24,Cell 1 Temp,Cell n temperature,u8,0,255,0,63.75,0.25x,Celsius,8,,,,,
,,,4,32,Cell 2 Voltage,Cell  n voltage,u8,0,255,2,4.55,0.01x+2,Volts,8,,,,,
,,,5,40,Cell 2 Temp,Cell n temperature,u8,0,255,0,63.75,0.25x,Celsius,8,,,,,
,,,6,48,Cell 3 Voltage,Cell  n voltage,u8,0,255,2,4.55,0.01x+2,Volts,8,,,,,
,,,7,56,Cell 3 Temp,Cell n temperature,u8,0,255,0,63.75,0.25x,Celsius,8,,,,,
,,,8,64,Cell 4 Voltage,Cell  n voltage,u8,0,255,2,4.55,0.01x+2,Volts,8,,,,,
,,,9,72,Cell 4 Temp,Cell n temperature,u8,0,255,0,63.75,0.25x,Celsius,8,,,,,
,,,10,80,Cell 5 Voltage,Cell  n voltage,u8,0,255,2,4.55,0.01x+2,Volts,8,,,,,
,,,11,88,Cell 5 Temp,Cell n temperature,u8,0,255,0,63.75,0.25x,Celsius,8,,,,,
,,,12,96,Cell 6 Voltage,Cell  n voltage,u8,0,255,2,4.55,0.01x+2,Volts,8,,,,,
,,,13,104,Cell 6 Temp,Cell n temperature,u8,0,255,0,63.75,0.25x,Celsius,8,,,,,
,,,14,112,Cell 7 Voltage,Cell  n voltage,u8,0,255,2,4.55,0.01x+2,Volts,8,,,,,
,,,15,120,Cell 7 Temp,Cell n temperature,u8,0,255,0,63.75,0.25x,Celsius,8,,,,,
,,,16,128,Cell 8 Voltage,Cell  n voltage,u8,0,255,2,4.55,0.01x+2,Volts,8,,,,,
,,,17,136,Cell 8 Temp,Cell n temperature,u8,0,255,0,63.75,0.25x,Celsius,8,,,,,
,,,18,144,Cell 9 Voltage,Cell  n voltage,u8,0,255,2,4.55,0.01x+2,Volts,8,,,,,
,,,19,152,Cell 9 Temp,Cell n temperature,u8,0,255,0,63.75,0.25x,Celsius,8,,,,,
,,,20,160,Cell 10 Voltage,Cell  n voltage,u8,0,255,2,4.55,0.01x+2,Volts,8,,,,,
,,,21,168,Cell 10 Temp,Cell n temperature,u8,0,255,0,63.75,0.25x,Celsius,8,,,,,
,,,22,176,Cell 11 Voltage,Cell  n voltage,u8,0,255,2,4.55,0.01x+2,Volts,8,,,,,
,,,23,184,Cell 11 Temp,Cell n temperature,u8,0,255,0,63.75,0.25x,Celsius,8,,,,,
,,,24,192,Cell 12 Voltage,Cell  n voltage,u8,0,255,2,4.55,0.01x+2,Volts,8,,,,,
,,,25,200,Cell 12 Temp,Cell n temperature,u8,0,255,0,63.75,0.25x,Celsius,8,,,,,
,,,26,208,Cell 13 Voltage,Cell  n voltage,u8,0,255,2,4.55,0.01x+2,Volts,8,,,,,
,,,27,216,Cell 13 Temp,Cell n temperature,u8,0,255,0,63.75,0.25x,Celsius,8,,,,,
,,,28,224,Cell 14 Voltage,Cell  n voltage,u8,0,255,2,4.55,0.01x+2,Volts,8,,,,,
,,,29,232,Cell 14 Temp,Cell n temperature,u8,0,255,0,63.75,0.25x,Celsius,8,,,,,
,,,30,240,Cell 15 Voltage,Cell  n voltage,u8,0,255,2,4.55,0.01x+2,Volts,8,,,,,
,,,31,248,Cell 15 Temp,Cell n temperature,u8,0,255,0,63.75,0.25x,Celsius,8,,,,,
,,,32,256,Cell 16 Voltage,Cell  n voltage,u8,0,255,2,4.55,0.01x+2,Volts,8,,,,,
,,,33,264,Cell 16 Temp,Cell n temperature,u8,0,255,0,63.75,0.25x,Celsius,8,,,,,
,,,34,272,Cell 17 Voltage,Cell  n voltage,u8,0,255,2,4.55,0.01x+2,Volts,8,,,,,
,,,35,280,Cell 17 Temp,Cell n temperature,u8,0,255,0,63.75,0.25x,Celsius,8,,,,,
,,,36,288,Cell 18 Voltage,Cell  n voltage,u8,0,255,2,4.55,0.01x+2,Volts,8,,,,,
,,,37,296,Cell 18 Temp,Cell n temperature,u8,0,255,0,63.75,0.25x,Celsius,8,,,,,
,,,38,304,Cell 19 Voltage,Cell  n voltage,u8,0,255,2,4.55,0.01x+2,Volts,8,,,,,
,,,39,312,Cell 19 Temp,Cell n temperature,u8,0,255,0,63.75,0.25x,Celsius,8,,,,,
,,,40,320,Cell 20 Voltage,Cell  n voltage,u8,0,255,2,4.55,0.01x+2,Volts,8,,,,,
,,,41,328,Cell 20 Temp,Cell n temperature,u8,0,255,0,63.75,0.25x,Celsius,8,,,,,
,,,42,336,Cell 21 Voltage,Cell  n voltage,u8,0,255,2,4.55,0.01x+2,Volts,8,,,,,
,,,43,344,Cell 21 Temp,Cell n temperature,u8,0,255,0,63.75,0.25x,Celsius,8,,,,,
,,,44,352,Cell 22 Voltage,Cell  n voltage,u8,0,255,2,4.55,0.01x+2,Volts,8,,,,,
,,,45,360,Cell 22 Temp,Cell n temperature,u8,0,255,0,63.75,0.25x,Celsius,8,,,,,
,,,46,368,Cell 23 Voltage,Cell  n voltage,u8,0,255,2,4.55,0.01x+2,Volts,8,,,,,
,,,47,376,Cell 23 Temp,Cell n temperature,u8,0,255,0,63.75,0.25x,Celsius,8,,,,,
,,,48,384,Cell 24 Voltage,Cell  n voltage,u8,0,255,2,4.55,0.01x+2,Volts,8,,,,,
,,,49,392,Cell 24 Temp,Cell n temperature,u8,0,255,0,63.75,0.25x,Celsius,8,,,,,
,,,50,400,Cell 25 Voltage,Cell  n voltage,u8,0,255,2,4.55,0.01x+2,Volts,8,,,,,
,,,51,408,Cell 25 Temp,Cell n temperature,u8,0,255,0,63.75,0.25x,Celsius,8,,,,,
,,,52,416,Cell 26 Voltage,Cell  n voltage,u8,0,255,2,4.55,0.01x+2,Volts,8,,,,,
,,,53,424,Cell 26 Temp,Cell n temperature,u8,0,255,0,63.75,0.25x,Celsius,8,,,,,
,,,54,432,Cell 27 Voltage,Cell  n voltage,u8,0,255,2,4.55,0.01x+2,Volts,8,,,,,
,,,55,440,Cell 27 Temp,Cell n temperature,u8,0,255,0,63.75,0.25x,Celsius,8,,,,,
,,,56,448,Cell 28 Voltage,Cell  n voltage,u8,0,255,2,4.55,0.01x+2,Volts,8,,,,,
,,,57,456,Cell 28 Temp,Cell n temperature,u8,0,255,0,63.75,0.25x,Celsius,8,,,,,
,,,58,464,Cell 29 Voltage,Cell  n voltage,u8,0,255,2,4.55,0.01x+2,Volts,8,,,,,
,,,59,472,Cell 29 Temp,Cell n temperature,u8,0,255,0,63.75,0.25x,Celsius,8,,,,,
,,,60,480,Cell 30 Voltage,Cell  n voltage,u8,0,255,2,4.55,0.01x+2,Volts,8,,,,,
,,,61,488,Cell 30 Temp,Cell n temperature,u8,0,255,0,63.75,0.25x,Celsius,8,,,,,
,,,62,496,Cell 31 Voltage,Cell  n voltage,u8,0,255,2,4.55,0.01x+2,Volts,8,,,,,
,,,63,504,Cell 31 Temp,Cell n temperature,u8,0,255,0,63.75,0.25x,Celsius,8,,,,,
0x009,ACU Cell Data 2,64,,,,,,,,,,,,9,,,,,
,,,0,0,Cell 32 Voltage,Cell  n voltage,u8,0,255,2,4.55,0.01x+2,Volts,9,,,,,
,,,1,8,Cell 32 Temp,Cell n temperature,u8,0,255,0,63.75,0.25x,Celsius,9,,,,,
,,,2,16,Cell 33 Voltage,Cell  n voltage,u8,0,255,2,4.55,0.01x+2,Volts,9,,,,,
,,,3,24,Cell 33 Temp,Cell n temperature,u8,0,255,0,63.75,0.25x,Celsius,9,,,,,
,,,4,32,Cell 34 Voltage,Cell  n voltage,u8,0,255,2,4.55,0.01x+2,Volts,9,,,,,
,,,5,40,Cell 34 Temp,Cell n temperature,u8,0,255,0,63.75,0.25x,Celsius,9,,,,,
,,,6,48,Cell 35 Voltage,Cell  n voltage,u8,0,255,2,4.55,0.01x+2,Volts,9,,,,,
,,,7,56,Cell 35 Temp,Cell n temperature,u8,0,255,0,63.75,0.25x,Celsius,9,,,,,
,,,8,64,Cell 36 Voltage,Cell  n voltage,u8,0,255,2,4.55,0.01x+2,Volts,9,,,,,
,,,9,72,Cell 36 Temp,Cell n temperature,u8,0,255,0,63.75,0.25x,Celsius,9,,,,,
,,,10,80,Cell 37 Voltage,Cell  n voltage,u8,0,255,2,4.55,0.01x+2,Volts,9,,,,,
,,,11,88,Cell 37 Temp,Cell n temperature,u8,0,255,0,63.75,0.25x,Celsius,9,,,,,
,,,12,96,Cell 38 Voltage,Cell  n voltage,u8,0,255,2,4.55,0.01x+2,Volts,9,,,,,
,,,13,104,Cell 38 Temp,Cell n temperature,u8,0,255,0,63.75,0.25x,Celsius,9,,,,,
,,,14,112,Cell 39 Voltage,Cell  n voltage,u8,0,255,2,4.55,0.01x+2,Volts,9,,,,,
,,,15,120,Cell 39 Temp,Cell n temperature,u8,0,255,0,63.75,0.25x,Celsius,9,,,,,
,,,16,128,Cell 40 Voltage,Cell  n voltage,u8,0,255,2,4.55,0.01x+2,Volts,9,,,,,
,,,17,136,Cell 40 Temp,Cell n temperature,u8,0,255,0,63.75,0.25x,Celsius,9,,,,,
,,,18,144,Cell 41 Voltage,Cell  n voltage,u8,0,255,2,4.55,0.01x+2,Volts,9,,,,,
,,,19,152,Cell 41 Temp,Cell n temperature,u8,0,255,0,63.75,0.25x,Celsius,9,,,,,
,,,20,160,Cell 42 Voltage,Cell  n voltage,u8,0,255,2,4.55,0.01x+2,Volts,9,,,,,
,,,21,168,Cell 42 Temp,Cell n temperature,u8,0,255,0,63.75,0.25x,Celsius,9,,,,,
,,,22,176,Cell 43 Voltage,Cell  n voltage,u8,0,255,2,4.55,0.01x+2,Volts,9,,,,,
,,,23,184,Cell 43 Temp,Cell n temperature,u8,0,255,0,63.75,0.25x,Celsius,9,,,,,
,,,24,192,Cell 44 Voltage,Cell  n voltage,u8,0,255,2,4.55,0.01x+2,Volts,9,,,,,
,,,25,200,Cell 44 Temp,Cell n temperature,u8,0,255,0,63.75,0.25x,Celsius,9,,,,,
,,,26,208,Cell 45 Voltage,Cell  n voltage,u8,0,255,2,4.55,0.01x+2,Volts,9,,,,,
,,,27,216,Cell 45 Temp,Cell n temperature,u8,0,255,0,63.75,0.25x,Celsius,9,,,,,
,,,28,224,Cell 46 Voltage,Cell  n voltage,u8,0,255,2,4.55,0.01x+2,Volts,9,,,,,
,,,29,232,Cell 46 Temp,Cell n temperature,u8,0,255,0,63.75,0.25x,Celsius,9,,,,,
,,,30,240,Cell 47 Voltage,Cell  n voltage,u8,0,255,2,4.55,0.01x+2,Volts,9,,,,,
,,,31,248,Cell 47 Temp,Cell n temperature,u8,0,255,0,63.75,0.25x,Celsius,9,,,,,
,,,32,256,Cell 48 Voltage,Cell  n voltage,u8,0,255,2,4.55,0.01x+2,Volts,9,,,,,
,,,33,264,Cell 48 Temp,Cell n temperature,u8,0,255,0,63.75,0.25x,Celsius,9,,,,,
,,,34,272,Cell 49 Voltage,Cell  n voltage,u8,0,255,2,4.55,0.01x+2,Volts,9,,,,,
,,,35,280,Cell 49 Temp,Cell n temperature,u8,0,255,0,63.75,0.25x,Celsius,9,,,,,
,,,36,288,Cell 50 Voltage,Cell  n voltage,u8,0,255,2,4.55,0.01x+2,Volts,9,,,,,
,,,37,296,Cell 50 Temp,Cell n temperature,u8,0,255,0,63.75,0.25x,Celsius,9,,,,,
,,,38,304,Cell 51 Voltage,Cell  n voltage,u8,0,255,2,4.55,0.01x+2,Volts,9,,,,,
,,,39,312,Cell 51 Temp,Cell n temperature,u8,0,255,0,63.75,0.25x,Celsius,9,,,,,
,,,40,320,Cell 52 Voltage,Cell  n voltage,u8,0,255,2,4.55,0.01x+2,Volts,9,,,,,
,,,41,328,Cell 52 Temp,Cell n temperature,u8,0,255,0,63.75,0.25x,Celsius,9,,,,,
,,,42,336,Cell 53 Voltage,Cell  n voltage,u8,0,255,2,4.55,0.01x+2,Volts,9,,,,,
,,,43,344,Cell 53 Temp,Cell n temperature,u8,0,255,0,63.75,0.25x,Celsius,9,,,,,
,,,44,352,Cell 54 Voltage,Cell  n voltage,u8,0,255,2,4.55,0.01x+2,Volts,9,,,,,
,,,45,360,Cell 54 Temp,Cell n temperature,u8,0,255,0,63.75,0.25x,Celsius,9,,,,,
,,,46,368,Cell 55 Voltage,Cell  n voltage,u8,0,255,2,4.55,0.01x+2,Volts,9,,,,,
,,,47,376,Cell 55 Temp,Cell n temperature,u8,0,255,0,63.75,0.25x,Celsius,9,,,,,
,,,48,384,Cell 56 Voltage,Cell  n voltage,u8,0,255,2,4.55,0.01x+2,Volts,9,,,,,
,,,49,392,Cell 56 Temp,Cell n temperature,u8,0,255,0,63.75,0.25x,Celsius,9,,,,,
,,,50,400,Cell 57 Voltage,Cell  n voltage,u8,0,255,2,4.55,0.01x+2,Volts,9,,,,,
,,,51,408,Cell 57 Temp,Cell n temperature,u8,0,255,0,63.75,0.25x,Celsius,9,,,,,
,,,52,416,Cell 58 Voltage,Cell  n voltage,u8,0,255,2,4.55,0.01x+2,Volts,9,,,,,
,,,53,424,Cell 58 Temp,Cell n temperature,u8,0,255,0,63.75,0.25x,Celsius,9,,,,,
,,,54,432,Cell 59 Voltage,Cell  n voltage,u8,0,255,2,4.55,0.01x+2,Volts,9,,,,,
,,,55,440,Cell 59 Temp,Cell n temperature,u8,0,255,0,63.75,0.25x,Celsius,9,,,,,
,,,56,448,Cell 60 Voltage,Cell  n voltage,u8,0,255,2,4.55,0.01x+2,Volts,9,,,,,
,,,57,456,Cell 60 Temp,Cell n temperature,u8,0,255,0,63.75,0.25x,Celsius,9,,,,,
,,,58,464,Cell 61 Voltage,Cell  n voltage,u8,0,255,2,4.55,0.01x+2,Volts,9,,,,,
,,,59,472,Cell 61 Temp,Cell n temperature,u8,0,255,0,63.75,0.25x,Celsius,9,,,,,
,,,60,480,Cell 62 Voltage,Cell  n voltage,u8,0,255,2,4.55,0.01x+2,Volts,9,,,,,
,,,61,488,Cell 62 Temp,Cell n temperature,u8,0,255,0,63.75,0.25x,Celsius,9,,,,,
,,,62,496,Cell 63 Voltage,Cell  n voltage,u8,0,255,2,4.55,0.01x+2,Volts,9,,,,,
,,,63,504,Cell 63 Temp,Cell n temperature,u8,0,255,0,63.75,0.25x,Celsius,9,,,,,
0x00A,ACU Cell Data 3,64,,,,,,,,,,,,10,,,,,
,,,0,0,Cell 64 Voltage,Cell  n voltage,u8,0,255,2,4.55,0.01x+2,Volts,10,,,,,
,,,1,8,Cell 64 Temp,Cell n temperature,u8,0,255,0,63.75,0.25x,Celsius,10,,,,,
,,,2,16,Cell 65 Voltage,Cell  n voltage,u8,0,255,2,4.55,0.01x+2,Volts,10,,,,,
,,,3,24,Cell 65 Temp,Cell n temperature,u8,0,255,0,63.75,0.25x,Celsius,10,,,,,
,,,4,32,Cell 66 Voltage,Cell  n voltage,u8,0,255,2,4.55,0.01x+2,Volts,10,,,,,
,,,5,40,Cell 66 Temp,Cell n temperature,u8,0,255,0,63.75,0.25x,Celsius,10,,,,,
,,,6,48,Cell 67 Voltage,Cell  n voltage,u8,0,255,2,4.55,0.01x+2,Volts,10,,,,,
,,,7,56,Cell 67 Temp,Cell n temperature,u8,0,255,0,63.75,0.25x,Celsius,10,,,,,
,,,8,64,Cell 68 Voltage,Cell  n voltage,u8,0,255,2,4.55,0.01x+2,Volts,10,,,,,
,,,9,72,Cell 68 Temp,Cell n temperature,u8,0,255,0,63.75,0.25x,Celsius,10,,,,,
,,,10,80,Cell 69 Voltage,Cell  n voltage,u8,0,255,2,4.55,0.01x+2,Volts,10,,,,,
,,,11,88,Cell 69 Temp,Cell n temperature,u8,0,255,0,63.75,0.25x,Celsius,10,,,,,
,,,12,96,Cell 70 Voltage,Cell  n voltage,u8,0,255,2,4.55,0.01x+2,Volts,10,,,,,
,,,13,104,Cell 70 Temp,Cell n temperature,u8,0,255,0,63.75,0.25x,Celsius,10,,,,,
,,,14,112,Cell 71 Voltage,Cell  n voltage,u8,0,255,2,4.55,0.01x+2,Volts,10,,,,,
,,,15,120,Cell 71 Temp,Cell n temperature,u8,0,255,0,63.75,0.25x,Celsius,10,,,,,
,,,16,128,Cell 72 Voltage,Cell  n voltage,u8,0,255,2,4.55,0.01x+2,Volts,10,,,,,
,,,17,136,Cell 72 Temp,Cell n temperature,u8,0,255,0,63.75,0.25x,Celsius,10,,,,,
,,,18,144,Cell 73 Voltage,Cell  n voltage,u8,0,255,2,4.55,0.01x+2,Volts,10,,,,,
,,,19,152,Cell 73 Temp,Cell n temperature,u8,0,255,0,63.75,0.25x,Celsius,10,,,,,
,,,20,160,Cell 74 Voltage,Cell  n voltage,u8,0,255,2,4.55,0.01x+2,Volts,10,,,,,
,,,21,168,Cell 74 Temp,Cell n temperature,u8,0,255,0,63.75,0.25x,Celsius,10,,,,,
,,,22,176,Cell 75 Voltage,Cell  n voltage,u8,0,255,2,4.55,0.01x+2,Volts,10,,,,,
,,,23,184,Cell 75 Temp,Cell n temperature,u8,0,255,0,63.75,0.25x,Celsius,10,,,,,
,,,24,192,Cell 76 Voltage,Cell  n voltage,u8,0,255,2,4.55,0.01x+2,Volts,10,,,,,
,,,25,200,Cell 76 Temp,Cell n temperature,u8,0,255,0,63.75,0.25x,Celsius,10,,,,,
,,,26,208,Cell 77 Voltage,Cell  n voltage,u8,0,255,2,4.55,0.01x+2,Volts,10,,,,,
,,,27,216,Cell 77 Temp,Cell n temperature,u8,0,255,0,63.75,0.25x,Celsius,10,,,,,
,,,28,224,Cell 78 Voltage,Cell  n voltage,u8,0,255,2,4.55,0.01x+2,Volts,10,,,,,
,,,29,232,Cell 78 Temp,Cell n temperature,u8,0,255,0,63.75,0.25x,Celsius,10,,,,,
,,,30,240,Cell 79 Voltage,Cell  n voltage,u8,0,255,2,4.55,0.01x+2,Volts,10,,,,,
,,,31,248,Cell 79 Temp,Cell n temperature,u8,0,255,0,63.75,0.25x,Celsius,10,,,,,
,,,32,256,Cell 80 Voltage,Cell  n voltage,u8,0,255,2,4.55,0.01x+2,Volts,10,,,,,
,,,33,264,Cell 80 Temp,Cell n temperature,u8,0,255,0,63.75,0.25x,Celsius,10,,,,,
,,,34,272,Cell 81 Voltage,Cell  n voltage,u8,0,255,2,4.55,0.01x+2,Volts,10,,,,,
,,,35,280,Cell 81 Temp,Cell n temperature,u8,0,255,0,63.75,0.25x,Celsius,10,,,,,
,,,36,288,Cell 82 Voltage,Cell  n voltage,u8,0,255,2,4.55,0.01x+2,Volts,10,,,,,
,,,37,296,Cell 82 Temp,Cell n temperature,u8,0,255,0,63.75,0.25x,Celsius,10,,,,,
,,,38,304,Cell 83 Voltage,Cell  n voltage,u8,0,255,2,4.55,0.01x+2,Volts,10,,,,,
,,,39,312,Cell 83 Temp,Cell n temperature,u8,0,255,0,63.75,0.25x,Celsius,10,,,,,
,,,40,320,Cell 84 Voltage,Cell  n voltage,u8,0,255,2,4.55,0.01x+2,Volts,10,,,,,
,,,41,328,Cell 84 Temp,Cell n temperature,u8,0,255,0,63.75,0.25x,Celsius,10,,,,,
,,,42,336,Cell 85 Voltage,Cell  n voltage,u8,0,255,2,4.55,0.01x+2,Volts,10,,,,,
,,,43,344,Cell 85 Temp,Cell n temperature,u8,0,255,0,63.75,0.25x,Celsius,10,,,,,
,,,44,352,Cell 86 Voltage,Cell  n voltage,u8,0,255,2,4.55,0.01x+2,Volts,10,,,,,
,,,45,360,Cell 86 Temp,Cell n temperature,u8,0,255,0,63.75,0.25x,Celsius,10,,,,,
,,,46,368,Cell 87 Voltage,Cell  n voltage,u8,0,255,2,4.55,0.01x+2,Volts,10,,,,,
,,,47,376,Cell 87 Temp,Cell n temperature,u8,0,255,0,63.75,0.25x,Celsius,10,,,,,
,,,48,384,Cell 88 Voltage,Cell  n voltage,u8,0,255,2,4.55,0.01x+2,Volts,10,,,,,
,,,49,392,Cell 88 Temp,Cell n temperature,u8,0,255,0,63.75,0.25x,Celsius,10,,,,,
,,,50,400,Cell 89 Voltage,Cell  n voltage,u8,0,255,2,4.55,0.01x+2,Volts,10,,,,,
,,,51,408,Cell 89 Temp,Cell n temperature,u8,0,255,0,63.75,0.25x,Celsius,10,,,,,
,,,52,416,Cell 90 Voltage,Cell  n voltage,u8,0,255,2,4.55,0.01x+2,Volts,10,,,,,
,,,53,424,Cell 90 Temp,Cell n temperature,u8,0,255,0,63.75,0.25x,Celsius,10,,,,,
,,,54,432,Cell 91 Voltage,Cell  n voltage,u8,0,255,2,4.55,0.01x+2,Volts,10,,,,,
,,,55,440,Cell 91 Temp,Cell n temperature,u8,0,255,0,63.75,0.25x,Celsius,10,,,,,
,,,56,448,Cell 92 Voltage,Cell  n voltage,u8,0,255,2,4.55,0.01x+2,Volts,10,,,,,
,,,57,456,Cell 92 Temp,Cell n temperature,u8,0,255,0,63.75,0.25x,Celsius,10,,,,,
,,,58,464,Cell 93 Voltage,Cell  n voltage,u8,0,255,2,4.55,0.01x+2,Volts,10,,,,,
,,,59,472,Cell 93 Temp,Cell n temperature,u8,0,255,0,63.75,0.25x,Celsius,10,,,,,
,,,60,480,Cell 94 Voltage,Cell  n voltage,u8,0,255,2,4.55,0.01x+2,Volts,10,,,,,
,,,61,488,Cell 94 Temp,Cell n temperature,u8,0,255,0,63.75,0.25x,Celsius,10,,,,,
,,,62,496,Cell 95 Voltage,Cell  n voltage,u8,0,255,2,4.55,0.01x+2,Volts,10,,,,,
,,,63,504,Cell 95 Temp,Cell n temperature,u8,0,255,0,63.75,0.25x,Celsius,10,,,,,
0x00B,ACU Cell Data 4,64,,,,,,,,,,,,11,,,,,
,,,0,0,Cell 96 Voltage,Cell  n voltage,u8,0,255,2,4.55,0.01x+2,Volts,11,,,,,
,,,1,8,Cell 96 Temp,Cell n temperature,u8,0,255,0,63.75,0.25x,Celsius,11,,,,,
,,,2,16,Cell 97 Voltage,Cell  n voltage,u8,0,255,2,4.55,0.01x+2,Volts,11,,,,,
,,,3,24,Cell 97 Temp,Cell n temperature,u8,0,255,0,63.75,0.25x,Celsius,11,,,,,
,,,4,32,Cell 98 Voltage,Cell  n voltage,u8,0,255,2,4.55,0.01x+2,Volts,11,,,,,
,,,5,40,Cell 98 Temp,Cell n temperature,u8,0,255,0,63.75,0.25x,Celsius,11,,,,,
,,,6,48,Cell 99 Voltage,Cell  n voltage,u8,0,255,2,4.55,0.01x+2,Volts,11,,,,,
,,,7,56,Cell 99 Temp,Cell n temperature,u8,0,255,0,63.75,0.25x,Celsius,11,,,,,
,,,8,64,Cell 100 Voltage,Cell  n voltage,u8,0,255,2,4.55,0.01x+2,Volts,11,,,,,
,,,9,72,Cell 100 Temp,Cell n temperature,u8,0,255,0,63.75,0.25x,Celsius,11,,,,,
,,,10,80,Cell 101 Voltage,Cell  n voltage,u8,0,255,2,4.55,0.01x+2,Volts,11,,,,,
,,,11,88,Cell 101 Temp,Cell n temperature,u8,0,255,0,63.75,0.25x,Celsius,11,,,,,
,,,12,96,Cell 102 Voltage,Cell  n voltage,u8,0,255,2,4.55,0.01x+2,Volts,11,,,,,
,,,13,104,Cell 102 Temp,Cell n temperature,u8,0,255,0,63.75,0.25x,Celsius,11,,,,,
,,,14,112,Cell 103 Voltage,Cell  n voltage,u8,0,255,2,4.55,0.01x+2,Volts,11,,,,,
,,,15,120,Cell 103 Temp,Cell n temperature,u8,0,255,0,63.75,0.25x,Celsius,11,,,,,
,,,16,128,Cell 104 Voltage,Cell  n voltage,u8,0,255,2,4.55,0.01x+2,Volts,11,,,,,
,,,17,136,Cell 104 Temp,Cell n temperature,u8,0,255,0,63.75,0.25x,Celsius,11,,,,,
,,,18,144,Cell 105 Voltage,Cell  n voltage,u8,0,255,2,4.55,0.01x+2,Volts,11,,,,,
,,,19,152,Cell 105 Temp,Cell n temperature,u8,0,255,0,63.75,0.25x,Celsius,11,,,,,
,,,20,160,Cell 106 Voltage,Cell  n voltage,u8,0,255,2,4.55,0.01x+2,Volts,11,,,,,
,,,21,168,Cell 106 Temp,Cell n temperature,u8,0,255,0,63.75,0.25x,Celsius,11,,,,,
,,,22,176,Cell 107 Voltage,Cell  n voltage,u8,0,255,2,4.55,0.01x+2,Volts,11,,,,,
,,,23,184,Cell 107 Temp,Cell n temperature,u8,0,255,0,63.75,0.25x,Celsius,11,,,,,
,,,24,192,Cell 108 Voltage,Cell  n voltage,u8,0,255,2,4.55,0.01x+2,Volts,11,,,,,
,,,25,200,Cell 108 Temp,Cell n temperature,u8,0,255,0,63.75,0.25x,Celsius,11,,,,,
,,,26,208,Cell 109 Voltage,Cell  n voltage,u8,0,255,2,4.55,0.01x+2,Volts,11,,,,,
,,,27,216,Cell 109 Temp,Cell n temperature,u8,0,255,0,63.75,0.25x,Celsius,11,,,,,
,,,28,224,Cell 110 Voltage,Cell  n voltage,u8,0,255,2,4.55,0.01x+2,Volts,11,,,,,
,,,29,232,Cell 110 Temp,Cell n temperature,u8,0,255,0,63.75,0.25x,Celsius,11,,,,,
,,,30,240,Cell 111 Voltage,Cell  n voltage,u8,0,255,2,4.55,0.01x+2,Volts,11,,,,,
,,,31,248,Cell 111 Temp,Cell n temperature,u8,0,255,0,63.75,0.25x,Celsius,11,,,,,
,,,32,256,Cell 112 Voltage,Cell  n voltage,u8,0,255,2,4.55,0.01x+2,Volts,11,,,,,
,,,33,264,Cell 112 Temp,Cell n temperature,u8,0,255,0,63.75,0.25x,Celsius,11,,,,,
,,,34,272,Cell 113 Voltage,Cell  n voltage,u8,0,255,2,4.55,0.01x+2,Volts,11,,,,,
,,,35,280,Cell 113 Temp,Cell n temperature,u8,0,255,0,63.75,0.25x,Celsius,11,,,,,
,,,36,288,Cell 114 Voltage,Cell  n voltage,u8,0,255,2,4.55,0.01x+2,Volts,11,,,,,
,,,37,296,Cell 114 Temp,Cell n temperature,u8,0,255,0,63.75,0.25x,Celsius,11,,,,,
,,,38,304,Cell 115 Voltage,Cell  n voltage,u8,0,255,2,4.55,0.01x+2,Volts,11,,,,,
,,,39,312,Cell 115 Temp,Cell n temperature,u8,0,255,0,63.75,0.25x,Celsius,11,,,,,
,,,40,320,Cell 116 Voltage,Cell  n voltage,u8,0,255,2,4.55,0.01x+2,Volts,11,,,,,
,,,41,328,Cell 116 Temp,Cell n temperature,u8,0,255,0,63.75,0.25x,Celsius,11,,,,,
,,,42,336,Cell 117 Voltage,Cell  n voltage,u8,0,255,2,4.55,0.01x+2,Volts,11,,,,,
,,,43,344,Cell 117 Temp,Cell n temperature,u8,0,255,0,63.75,0.25x,Celsius,11,,,,,
,,,44,352,Cell 118 Voltage,Cell  n voltage,u8,0,255,2,4.55,0.01x+2,Volts,11,,,,,
,,,45,360,Cell 118 Temp,Cell n temperature,u8,0,255,0,63.75,0.25x,Celsius,11,,,,,
,,,46,368,Cell 119 Voltage,Cell  n voltage,u8,0,255,2,4.55,0.01x+2,Volts,11,,,,,
,,,47,376,Cell 119 Temp,Cell n temperature,u8,0,255,0,63.75,0.25x,Celsius,11,,,,,
,,,48,384,Cell 120 Voltage,Cell  n voltage,u8,0,255,2,4.55,0.01x+2,Volts,11,,,,,
,,,49,392,Cell 120 Temp,Cell n temperature,u8,0,255,0,63.75,0.25x,Celsius,11,,,,,
,,,50,400,Cell 121 Voltage,Cell  n voltage,u8,0,255,2,4.55,0.01x+2,Volts,11,,,,,
,,,51,408,Cell 121 Temp,Cell n temperature,u8,0,255,0,63.75,0.25x,Celsius,11,,,,,
,,,52,416,Cell 122 Voltage,Cell  n voltage,u8,0,255,2,4.55,0.01x+2,Volts,11,,,,,
,,,53,424,Cell 122 Temp,Cell n temperature,u8,0,255,0,63.75,0.25x,Celsius,11,,,,,
,,,54,432,Cell 123 Voltage,Cell  n voltage,u8,0,255,2,4.55,0.01x+2,Volts,11,,,,,
,,,55,440,Cell 123 Temp,Cell n temperature,u8,0,255,0,63.75,0.25x,Celsius,11,,,,,
,,,56,448,Cell 124 Voltage,Cell  n voltage,u8,0,255,2,4.55,0.01x+2,Volts,11,,,,,
,,,57,456,Cell 124 Temp,Cell n temperature,u8,0,255,0,63.75,0.25x,Celsius,11,,,,,
,,,58,464,Cell 125 Voltage,Cell  n voltage,u8,0,255,2,4.55,0.01x+2,Volts,11,,,,,
,,,59,472,Cell 125 Temp,Cell n temperature,u8,0,255,0,63.75,0.25x,Celsius,11,,,,,
,,,60,480,Cell 126 Voltage,Cell  n voltage,u8,0,255,2,4.55,0.01x+2,Volts,11,,,,,
,,,61,488,Cell 126 Temp,Cell n temperature,u8,0,255,0,63.75,0.25x,Celsius,11,,,,,
,,,62,496,Cell 127 Voltage,Cell  n voltage,u8,0,255,2,4.55,0.01x+2,Volts,11,,,,,
,,,63,504,Cell 127 Temp,Cell n temperature,u8,0,255,0,63.75,0.25x,Celsius,11,,,,,
0x00C,ACU Cell Data 5,64,,,,,,,,,,,,12,,,,,
,,,0,0,Cell 128 Voltage,Cell  n voltage,u8,0,255,2,4.55,0.01x+2,Volts,12,,,,,
,,,1,8,Cell 128 Temp,Cell n temperature,u8,0,255,0,63.75,0.25x,Celsius,12,,,,,
,,,2,16,Cell 129 Voltage,Cell  n voltage,u8,0,255,2,4.55,0.01x+2,Volts,12,,,,,
,,,3,24,Cell 129 Temp,Cell n temperature,u8,0,255,0,63.75,0.25x,Celsius,12,,,,,
,,,4,32,Cell 130 Voltage,Cell  n voltage,u8,0,255,2,4.55,0.01x+2,Volts,12,,,,,
,,,5,40,Cell 130 Temp,Cell n temperature,u8,0,255,0,63.75,0.25x,Celsius,12,,,,,
,,,6,48,Cell 131 Voltage,Cell  n voltage,u8,0,255,2,4.55,0.01x+2,Volts,12,,,,,
,,,7,56,Cell 131 Temp,Cell n temperature,u8,0,255,0,63.75,0.25x,Celsius,12,,,,,
,,,8,64,Cell 132 Voltage,Cell  n voltage,u8,0,255,2,4.55,0.01x+2,Volts,12,,,,,
,,,9,72,Cell 132 Temp,Cell n temperature,u8,0,255,0,63.75,0.25x,Celsius,12,,,,,
,,,10,80,Cell 133 Voltage,Cell  n voltage,u8,0,255,2,4.55,0.01x+2,Volts,12,,,,,
,,,11,88,Cell 133 Temp,Cell n temperature,u8,0,255,0,63.75,0.25x,Celsius,12,,,,,
,,,12,96,Cell 134 Voltage,Cell  n voltage,u8,0,255,2,4.55,0.01x+2,Volts,12,,,,,
,,,13,104,Cell 134 Temp,Cell n temperature,u8,0,255,0,63.75,0.25x,Celsius,12,,,,,
,,,14,112,Cell 135 Voltage,Cell  n voltage,u8,0,255,2,4.55,0.01x+2,Volts,12,,,,,
,,,15,120,Cell 135 Temp,Cell n temperature,u8,0,255,0,63.75,0.25x,Celsius,12,,,,,
,,,16,128,Cell 136 Voltage,Cell  n voltage,u8,0,255,2,4.55,0.01x+2,Volts,12,,,,,
,,,17,136,Cell 136 Temp,Cell n temperature,u8,0,255,0,63.75,0.25x,Celsius,12,,,,,
,,,18,144,Cell 137 Voltage,Cell  n voltage,u8,0,255,2,4.55,0.01x+2,Volts,12,,,,,
,,,19,152,Cell 137 Temp,Cell n temperature,u8,0,255,0,63.75,0.25x,Celsius,12,,,,,
,,,20,160,Cell 138 Voltage,Cell  n voltage,u8,0,255,2,4.55,0.01x+2,Volts,12,,,,,
,,,21,168,Cell 138 Temp,Cell n temperature,u8,0,255,0,63.75,0.25x,Celsius,12,,,,,
,,,22,176,Cell 139 Voltage,Cell  n voltage,u8,0,255,2,4.55,0.01x+2,Volts,12,,,,,
,,,23,184,Cell 139 Temp,Cell n temperature,u8,0,255,0,63.75,0.25x,Celsius,12,,,,,
,,,24,192,Cell 140 Voltage,Cell  n voltage,u8,0,255,2,4.55,0.01x+2,Volts,12,,,,,
,,,25,200,Cell 140 Temp,Cell n temperature,u8,0,255,0,63.75,0.25x,Celsius,12,,,,,
,,,26,208,Cell 141 Voltage,Cell  n voltage,u8,0,255,2,4.55,0.01x+2,Volts,12,,,,,
,,,27,216,Cell 141 Temp,Cell n temperature,u8,0,255,0,63.75,0.25x,Celsius,12,,,,,
,,,28,224,Cell 142 Voltage,Cell  n voltage,u8,0,255,2,4.55,0.01x+2,Volts,12,,,,,
,,,29,232,Cell 142 Temp,Cell n temperature,u8,0,255,0,63.75,0.25x,Celsius,12,,,,,
,,,30,240,Cell 143 Voltage,Cell  n voltage,u8,0,255,2,4.55,0.01x+2,Volts,12,,,,,
,,,31,248,Cell 143 Temp,Cell n temperature,u8,0,255,0,63.75,0.25x,Celsius,12,,,,,
,,,32,256,Cell 144 Voltage,Cell  n voltage,u8,0,255,2,4.55,0.01x+2,Volts,12,,,,,
,,,33,264,Cell 144 Temp,Cell n temperature,u8,0,255,0,63.75,0.25x,Celsius,12,,,,,
,,,34,272,Cell 145 Voltage,Cell  n voltage,u8,0,255,2,4.55,0.01x+2,Volts,12,,,,,
,,,35,280,Cell 145 Temp,Cell n temperature,u8,0,255,0,63.75,0.25x,Celsius,12,,,,,
,,,36,288,Cell 146 Voltage,Cell  n voltage,u8,0,255,2,4.55,0.01x+2,Volts,12,,,,,
,,,37,296,Cell 146 Temp,Cell n temperature,u8,0,255,0,63.75,0.25x,Celsius,12,,,,,
,,,38,304,Cell 147 Voltage,Cell  n voltage,u8,0,255,2,4.55,0.01x+2,Volts,12,,,,,
,,,39,312,Cell 147 Temp,Cell n temperature,u8,0,255,0,63.75,0.25x,Celsius,12,,,,,
,,,40,320,Cell 148 Voltage,Cell  n voltage,u8,0,255,2,4.55,0.01x+2,Volts,12,,,,,
,,,41,328,Cell 148 Temp,Cell n temperature,u8,0,255,0,63.75,0.25x,Celsius,12,,,,,
,,,42,336,Cell 149 Voltage,Cell  n voltage,u8,0,255,2,4.55,0.01x+2,Volts,12,,,,,
,,,43,344,Cell 149 Temp,Cell n temperature,u8,0,255,0,63.75,0.25x,Celsius,12,,,,,
,,,44,352,Cell 150 Voltage,Cell  n voltage,u8,0,255,2,4.55,0.01x+2,Volts,12,,,,,
,,,45,360,Cell 150 Temp,Cell n temperature,u8,0,255,0,63.75,0.25x,Celsius,12,,,,,
,,,46,368,Cell 151 Voltage,Cell  n voltage,u8,0,255,2,4.55,0.01x+2,Volts,12,,,,,
,,,47,376,Cell 151 Temp,Cell n temperature,u8,0,255,0,63.75,0.25x,Celsius,12,,,,,
,,,48,384,Cell 152 Voltage,Cell  n voltage,u8,0,255,2,4.55,0.01x+2,Volts,12,,,,,
,,,49,392,Cell 152 Temp,Cell n temperature,u8,0,255,0,63.75,0.25x,Celsius,12,,,,,
,,,50,400,Cell 153 Voltage,Cell  n voltage,u8,0,255,2,4.55,0.01x+2,Volts,12,,,,,
,,,51,408,Cell 153 Temp,Cell n temperature,u8,0,255,0,63.75,0.25x,Celsius,12,,,,,
,,,52,416,Cell 154 Voltage,Cell  n voltage,u8,0,255,2,4.55,0.01x+2,Volts,12,,,,,
,,,53,424,Cell 154 Temp,Cell n temperature,u8,0,255,0,63.75,0.25x,Celsius,12,,,,,
,,,54,432,Cell 155 Voltage,Cell  n voltage,u8,0,255,2,4.55,0.01x+2,Volts,12,,,,,
,,,55,440,Cell 155 Temp,Cell n temperature,u8,0,255,0,63.75,0.25x,Celsius,12,,,,,
,,,56,448,Cell 156 Voltage,Cell  n voltage,u8,0,255,2,4.55,0.01x+2,Volts,12,,,,,
,,,57,456,Cell 156 Temp,Cell n temperature,u8,0,255,0,63.75,0.25x,Celsius,12,,,,,
,,,58,464,Cell 157 Voltage,Cell  n voltage,u8,0,255,2,4.55,0.01x+2,Volts,12,,,,,
,,,59,472,Cell 157 Temp,Cell n temperature,u8,0,255,0,63.75,0.25x,Celsius,12,,,,,
,,,60,480,Cell 158 Voltage,Cell  n voltage,u8,0,255,2,4.55,0.01x+2,Volts,12,,,,,
,,,61,488,Cell 158 Temp,Cell n temperature,u8,0,255,0,63.75,0.25x,Celsius,12,,,,,
,,,62,496,Cell 159 Voltage,Cell  n voltage,u8,0,255,2,4.55,0.01x+2,Volts,12,,,,,
,,,63,504,Cell 159 Temp,Cell n temperature,u8,0,255,0,63.75,0.25x,Celsius,12,,,,,
0x00D,LV DC-DC Status,8,,,,,,,,,,,,13,,,,,
,,,0-1,0,Input Voltage,20v input voltage,u14,0,16383,0,32,x/512,Volts,13,,,,,
,,,2-3,16,Output Voltage,12v output voltage,u14,0,16383,0,32,x/512,Volts,13,,,,,
,,,4-5,32,Input Current,20v input current,u14,0,16383,0,64,x/256,Amps,13,,,,,
,,,6-7,48,Output Current,12v output current,u14,0,16383,0,64,x/256,Amps,13,,,,,
0x00E,DTI Inverter Status,32,,,,,,,,,,,,14,,,,,
,,,0-3,0,ERPM,Look at DTI Sheet,,,,-2147483648,2147483647,1x,ERPM,14,,,,,
,,,4-5,32,Duty Cycle,Look at DTI Sheet,,,,-3276.8,3276.7,0.1x,%,14,,,,,
,,,6-7,48,Input Voltage,Look at DTI Sheet,,,,-32768,32767,1x,Volts,14,,,,,
,,,8-9,64,AC Current,Look at DTI Sheet,,,,-3276.8,3276.7,0.1x,Amps,14,,,,,
,,,10-11,80,DC Current,Look at DTI Sheet,,,,-3276.8,3276.7,0.1x,Amps,14,,,,,
,,,12-13,96,Controller Temp,Look at DTI Sheet,,,,-3276.8,3276.7,0.1x,Celsius,14,,,,,
,,,14-15,112,Motor Temp,Look at DTI Sheet,,,,-3276.8,3276.7,0.1x,Celsius,14,,,,,
,,,16,128,Faults,Look at DTI Sheet,,,,,,,,14,,,,,
,,,17-20,136,FOC Id,Look at DTI Sheet,,,,-21474836.48,21474836.47,0.01x,Amps,14,,,,,
,,,21-24,168,FOC Iq,Look at DTI Sheet,,,,-21474836.48,21474836.47,0.01x,Amps,14,,,,,
,,,25,200,Throttle,Look at DTI Sheet,,,,-128,127,1,%,14,,,,,
,,,26,208,Brake,Look at DTI Sheet,,,,-128,127,1,%,14,,,,,
,,,27,216,Digital IO (Input 1),Look at DTI Sheet,,,,0,1,~,Bool,14,,,,,
,,,,217,Digital IO (Input 2),Look at DTI Sheet,,,,0,1,~,Bool,14,,,,,
,,,,218,Digital IO (Input 3),Look at DTI Sheet,,,,0,1,~,Bool,14,,,,,
,,,,219,Digital IO (Input 4),Look at DTI Sheet,,,,0,1,~,Bool,14,,,,,
,,,,220,Digital IO (Output 1),Look at DTI Sheet,,,,0,1,~,Bool,14,,,,,
,,,,221,Digital IO (Output 2),Look at DTI Sheet,,,,0,1,~,Bool,14,,,,,
,,,,222,Digital IO (Output 3),Look at DTI Sheet,,,,0,1,~,Bool,14,,,,,
,,,,223,Digital IO (Output 4),Look at DTI Sheet,,,,0,1,~,Bool,14,,,,,
,,,28,224,Drive Enable,Look at DTI Sheet,,,,0,1,~,Bool,14,,,,,
,,,29-30,232,Flags,Look at DTI Sheet,,,,,,,,14,,,,,
,,,31,248,CAN Version,Look at DTI Sheet,,,,,,,,14,,,,,
0x00F,DTI Inverter Config,5,,,,,,,,,,,,15,,,,,
,,,0-1,0,AC current,"0.01 * current, int16_t",u16,0,65535,-327.68,3276.7,0.01x,Amps,15,,,,,
,,,2-3,16,RPM Limit,0: No limit      n :limited at n RPM,u16,0,65535,-32768,32767,x-32768,RPM,15,,,,,
,,,4,32,Drive enable,Write this to 1 every 100ms to enable inverter,,0,1,-,-,-,Enable,15,,,,,
,,,,33,Motor direction,Write 1 inverts direction,,0,1,-,-,-,Enable,15,,,,,
0x010,DTI Inverter Config Operational Parameters,9,,,,,,,,,,,,16,,,,,
,,,0,,Digital IO,Look at DTI Sheet,,,,,,,,16,,,,,
,,,1-2,,Max AC Current,Look at DTI Sheet,,,,,,,,16,,,,,
,,,3-4,, Max Brake AC Current,Look at DTI Sheet,,,,,,,,16,,,,,
,,,5-6,,Max DC Current,Look at DTI Sheet,,,,,,,,16,,,,,
,,,7-8,, Max Brake DC Current,Look at DTI Sheet,,,,,,,,16,,,,,
0x011,DTI set AC Current,2,,,,,,,,,,,,17,,,,,
,,,0-1,,AC Current,Look at DTI Sheet,,,,,,,,17,,,,,
0x012,DTI set Target Brake Current,2,,,,,,,,,,,,18,,,,,
,,,0-1,,Target Brake Current,Look at DTI Sheet,,,,,,,,18,,,,,
0x013,DTI set Target ERPM,4,,,,,,,,,,,,19,,,,,
,,,0-3,,Target ERPM,Look at DTI Sheet,,,,,,,,19,,,,,
0x014,DTI set Target Position,2,,,,,,,,,,,,20,,,,,
,,,0-1,,Target Position,Look at DTI Sheet,,,,,,,,20,,,,,
0x015,DTI set Relative AC Current,2,,,,,,,,,,,,21,,,,,
,,,0-1,,Relative AC Current,Look at DTI Sheet,,,,,,,,21,,,,,
0x016,DTI set Relative AC Brake Current,2,,,,,,,,,,,,22,,,,,
,,,0-1,,Relative AC Brake Current,Look at DTI Sheet,,,,,,,,22,,,,,
0x017,GR Inverter Status,19,,,,,,,,,,,,23,,,,,
,,,0-1,0,AC current,"0.01 * current, int16_t",u16,0,65535,-327.68,327.67,0.01x,Amps,23,,,,,
,,,2-3,16,DC current,"0.01 * current, int16_t",u16,0,65535,0,655.35,0.01x,Amps,23,,,,,
,,,4-5,32,DC voltage,"0.01 * voltage, uint16_t",u16,0,65535,0,655.35,0.01x,Volts,23,,,,,
,,,6-7,48,U MOSFET temperature,"Celsius + 40, uint8_t",u8,0,255,-40,215,x-40,Celsius,23,,,,,
,,,8-9,56,V MOSFET temperature,"Celsius + 40, uint8_t",u8,0,255,-40,215,x-40,Celsius,23,,,,,
,,,10-11,64,W MOSFET temperature,"Celsius + 40, uint8_t",u8,0,255,-40,215,x-40,Celsius,23,,,,,
,,,12-13,72,Water temperature,"Celsius + 40, uint8_t",u8,0,255,-40,215,x-40,Celsius,23,,,,,
,,,14-15,80,Motor RPM,"RPM, int16_t",u16,0,65535,-32768,32767,x-32768,RPM,23,,,,,
,,,16-17,96,Motor temperature,"Celsius + 40, uint8_t",u8,0,255,-40,215,x-40,Celsius,23,,,,,
,,,18,104,Over voltage faults,TS above set max voltage,b,0,1,~,~,~,Bool,23,,,,,
,,,,105,Under voltage fault,TS below set min voltage,b,0,1,~,~,~,Bool,23,,,,,
,,,,106,Inv. overtemp fault,Inverter over set max temp,b,0,1,~,~,~,Bool,23,,,,,
,,,,107,Motor overtemp fault,Motor over set max temp,b,0,1,~,~,~,Bool,23,,,,,
,,,,108,Transistor fault,Mosfet or mosfet drive error,b,0,1,~,~,~,Bool,23,,,,,
,,,,109,Encoder fault,Encoder communication or calc error,b,0,1,~,~,~,Bool,23,,,,,
,,,,110,CAN fault,CAN message error or timeout,b,0,1,~,~,~,Bool,23,,,,,
,,,,111,Future use,,b,0,1,~,~,~,Bool,23,,,,,
0x018,GR Inverter Config,5,,,,,,,,,,,,24,,,,,
,,,0-1,0,AC current,"0.01 * current, int16_t",u16,0,65535,-327.68,327.67,0.01x,Amps,24,,,,,
,,,2-3,16,RPM Limit,0: No limit      n :limited at n RPM,u16,0,65535,-32768,32767,x-32768,RPM,24,,,,,
,,,4,32,Drive enable,Write this to 1 every 100ms to enable inverter,b,0,1,-,-,-,Enable,24,,,,,
,,,,33,Motor direction,Write 1 inverts direction,b,0,1,-,-,-,Enable,24,,,,,
,,,,34,Field weakening,Write 1 to enable field weakening,b,0,1,-,-,-,Enable,24,,,,,
0x019,Fan Status,5,,,,,,,,,,,,24,,,,,
,,,0-1,0,Fan Speed,uint16,u16,0,65535,0,65535,1x,RPM,24,,,,,
,,,2,16,input Voltage,0-22,u8,0,255,0,25.5,0.1x,Volts,24,,,,,
,,,3,24,Output Voltage,0-22,u8,0,255,0,25.5,0.1x,Volts,24,,,,,
,,,4,32,Current,0-10,u8,0,255,0,25.5,0.1x,Amps,24,,,,,
0x01A,Fan Config,4,,,,,,,,,,,,25,,,,,
,,,0-1,0,Target Fan Speed,,u16,0,65535,0,65535,1x,RPM,25,,,,,
,,,2,16,input Voltage,0-22,u8,0,255,0,25.5,0.1x,Volts,25,,,,,
,,,3,24,input Current,0-10,u8,0,255,0,25.5,0.1x,Amps,24,,,,,
0x01B,Dash Status,1,,,,,,,,,,,,24,,,,,
,,,0,0,TS_Active,If TS_Active sequence is hit send 1,b,0,1,~,~,~,Bool,24,,,,,
,,,,1,TS_Off,,b,0,1,~,~,~,Bool,24,,,,,
,,,,2,RTD_On,,b,0,1,~,~,~,Bool,24,,,,,
,,,,3,RTD_Off,,b,0,1,~,~,~,Bool,24,,,,,
,,,,4,AMS LED,,b,0,1,~,~,~,Bool,24,,,,,
,,,,5,IMD LED,,b,0,1,~,~,~,Bool,24,,,,,
0x01C,Dash Config,7,,,,,,,,,,,,24,,,,,
,,,0,0,BMS LED,,b,0,1,~,~,~,Bool,24,,,,,
,,,,1,IMD LED,,b,0,1,~,~,~,Bool,24,,,,,
,,,1,8,Button LED 1 R,For button breathing effect same as gr24,u8,0,255,0,255,1x,RGB,24,,,,,
,,,2,16,Button LED 1 G,,u8,0,255,0,255,1x,RGB,24,,,,,
,,,3,24,Button LED 1 B,,u8,0,255,0,255,1x,RGB,24,,,,,
,,,4,32,Button LED 2 R,,u8,0,255,0,255,1x,RGB,24,,,,,
,,,5,40,Button LED 2 G,,u8,0,255,0,255,1x,RGB,24,,,,,
,,,6,48,Button LED 2 B,,u8,0,255,0,255,1x,RGB,24,,,,,
0x01D,Steering Status,2,,,,,,,,,,,,24,,,,,
,,,0,0,Current Encoder,,,,,,,,,24,,,,,
,,,,2,Torque Map Encoder,,,,,,,,,24,,,,,
,,,,4,Regen,,,,,,,,,24,,,,,
,,,1,8,Button 1,,b,0,1,~,~,~,Bool,24,,,,,
,,,,9,Button 2,,b,0,1,~,~,~,Bool,24,,,,,
,,,,10,Button 3,,b,0,1,~,~,~,Bool,24,,,,,
,,,,11,Button 4,,b,0,1,~,~,~,Bool,24,,,,,
0x01E,Steering Config,0,,,,,,,,,,,,24,,,,,
,,,0,0,Reserved,Theoretically Steering wheel will just update based on ECU status,,,,,,,,24,,,,,
,,,,,***Placeholders***,,,,,,,,,24,,,,,
0x01F,SAM Brake Temp,4,,,,,,,,,,,,25,,,,,
,,,0,0,FL Temp,,u8,0,255,0,255,1x,Celsius,25,,,,,
,,,1,8,FR Temp,,u8,0,255,0,255,1x,Celsius,25,,,,,
,,,2,16,RL Temp,,u8,0,255,0,255,1x,Celsius,25,,,,,
,,,3,24,RR Temp,,u8,0,255,0,255,1x,Celsius,24,,,,,
0x020,SAM Tire Gradient,8,,,,,,,,,,,,24,,,,,
,,,0,0,FL Middle Temp,Avg temp for middle section of wheel in IR array,u8,0,255,0,255,1x,Celsius,24,,,,,
,,,1,8,FL Max Temp,Max value in array,u8,0,255,0,255,1x,Celsius,24,,,,,
,,,2,16,FR Middle Temp,,u8,0,255,0,255,1x,Celsius,24,,,,,
,,,3,24,FR Max Temp,,u8,0,255,0,255,1x,Celsius,24,,,,,
,,,4,32,RL Middle Temp,,u8,0,255,0,255,1x,Celsius,24,,,,,
,,,5,40,RL Max Temp,,u8,0,255,0,255,1x,Celsius,24,,,,,
,,,6,48,RR Middle Temp,,u8,0,255,0,255,1x,Celsius,24,,,,,
,,,7,56,RR Max Temp,,u8,0,255,0,255,1x,Celsius,24,,,,,
0x021,SAM IMU,20,,,,,,,,,,,,25,,,,,
,,,0-1,0,Central Accel X,Central IMU,u16,0,65535,-327.67,327.67,0.01x,Meters/s^2,25,,,,,
,,,2-3,16,Central Accel Y,,u16,0,65535,-327.67,327.67,0.01x,Meters/s^2,25,,,,,
,,,4-5,32,Central Accel Z,,u16,0,65535,-327.67,327.67,0.01x,Meters/s^2,25,,,,,
,,,6,48,FL Accel Z,Each wheel hub IMU,u8,0,255,0,255,1x,Meters/s^2,25,,,,,
,,,7,56,FR Accel Z,,u8,0,255,0,255,1x,Meters/s^2,25,,,,,
,,,8,64,RL Accel Z,,u8,0,255,0,255,1x,Meters/s^2,25,,,,,
,,,9,72,RR Accel Z,,u8,0,255,0,255,1x,Meters/s^2,25,,,,,
,,,10-11,80,Central Yaw Rate,Yaw rate info,u16,0,65535,-3276.7,3276.7,0.1x,(°/s),25,,,,,
,,,12-13,96,FL Yaw Rate,,u16,0,65535,-3276.7,3276.7,0.1x,(°/s),25,,,,,
,,,14-15,112,FR Yaw Rate,,u16,0,65535,-3276.7,3277.7,0.1x,(°/s),25,,,,,
,,,16-17,128,RL Yaw Rate,,u16,0,65535,-3276.7,3276.7,0.1x,(°/s),25,,,,,
,,,18-19,144,RR Yaw Rate,,u16,0,65535,-3276.7,3278.7,0.1x,(°/s),25,,,,,
,,,,,,,,,,,,,,,,,,,
,,,,,,,,,,,,,,,,,,,
,,,,,,,,,,,,,,,,,,,
,,,,,,,,,,,,,,,,,,,
,,,,,,,,,,,,,,,,,,,
,,,,,,,,,,,,,,,,,,,
,,,,,,,,,,,,,,,,,,,
,,,,,,,,,,,,,,,,,,,
,,,,,,,,,,,,,,,,,,,
,,,,,,,,,,,,,,,,,,,
,,,,,,,,,,,,,,,,,,,
,,,,,,,,,,,,,,,,,,,
,,,,,,,,,,,,,,,,,,,
,,,,,,,,,,,,,,,,,,,
,,,,,,,,,,,,,,,,,,,
,,,,,,,,,,,,,,,,,,,
,,,,,,,,,,,,,,,,,,,
,,,,,,,,,,,,,,,,,,,
,,,,,,,,,,,,,,,,,,,
,,,,,,,,,,,,,,,,,,,
,,,,,,,,,,,,,,,,,,,
,,,,,,,,,,,,,,,,,,,
,,,,,,,,,,,,,,,,,,,
,,,,,,,,,,,,,,,,,,,
,,,,,,,,,,,,,,,,,,,
,,,,,,,,,,,,,,,,,,,
,,,,,,,,,,,,,,,,,,,
,,,,,,,,,,,,,,,,,,,
,,,,,,,,,,,,,,,,,,,
,,,,,,,,,,,,,,,,,,,
,,,,,,,,,,,,,,,,,,,
,,,,,,,,,,,,,,,,,,,
,,,,,,,,,,,,,,,,,,,
,,,,,,,,,,,,,,,,,,,
,,,,,,,,,,,,,,,,,,,
,,,,,,,,,,,,,,,,,,,
,,,,,,,,,,,,,,,,,,,
,,,,,,,,,,,,,,,,,,,
,,,,,,,,,,,,,,,,,,,
,,,,,,,,,,,,,,,,,,,
,,,,,,,,,,,,,,,,,,,
,,,,,,,,,,,,,,,,,,,
,,,,,,,,,,,,,,,,,,,
,,,,,,,,,,,,,,,,,,,
,,,,,,,,,,,,,,,,,,,
,,,,,,,,,,,,,,,,,,,
,,,,,,,,,,,,,,,,,,,
,,,,,,,,,,,,,,,,,,,
,,,,,,,,,,,,,,,,,,,
,,,,,,,,,,,,,,,,,,,
,,,,,,,,,,,,,,,,,,,
,,,,,,,,,,,,,,,,,,,
,,,,,,,,,,,,,,,,,,,
,,,,,,,,,,,,,,,,,,,
,,,,,,,,,,,,,,,,,,,
,,,,,,,,,,,,,,,,,,,
,,,,,,,,,,,,,,,,,,,
,,,,,,,,,,,,,,,,,,,
,,,,,,,,,,,,,,,,,,,
,,,,,,,,,,,,,,,,,,,
,,,,,,,,,,,,,,,,,,,
,,,,,,,,,,,,,,,,,,,
,,,,,,,,,,,,,,,,,,,
,,,,,,,,,,,,,,,,,,,
,,,,,,,,,,,,,,,,,,,
,,,,,,,,,,,,,,,,,,,
,,,,,,,,,,,,,,,,,,,
,,,,,,,,,,,,,,,,,,,
,,,,,,,,,,,,,,,,,,,
,,,,,,,,,,,,,,,,,,,
,,,,,,,,,,,,,,,,,,,
,,,,,,,,,,,,,,,,,,,
,,,,,,,,,,,,,,,,,,,
,,,,,,,,,,,,,,,,,,,
,,,,,,,,,,,,,,,,,,,
,,,,,,,,,,,,,,,,,,,
,,,,,,,,,,,,,,,,,,,
,,,,,,,,,,,,,,,,,,,
,,,,,,,,,,,,,,,,,,,
,,,,,,,,,,,,,,,,,,,
,,,,,,,,,,,,,,,,,,,
,,,,,,,,,,,,,,,,,,,
,,,,,,,,,,,,,,,,,,,
,,,,,,,,,,,,,,,,,,,
,,,,,,,,,,,,,,,,,,,
,,,,,,,,,,,,,,,,,,,
,,,,,,,,,,,,,,,,,,,
,,,,,,,,,,,,,,,,,,,
,,,,,,,,,,,,,,,,,,,
,,,,,,,,,,,,,,,,,,,
,,,,,,,,,,,,,,,,,,,
,,,,,,,,,,,,,,,,,,,
,,,,,,,,,,,,,,,,,,,
,,,,,,,,,,,,,,,,,,,
,,,,,,,,,,,,,,,,,,,
,,,,,,,,,,,,,,,,,,,
,,,,,,,,,,,,,,,,,,,
,,,,,,,,,,,,,,,,,,,
,,,,,,,,,,,,,,,,,,,
,,,,,,,,,,,,,,,,,,,
,,,,,,,,,,,,,,,,,,,
,,,,,,,,,,,,,,,,,,,
,,,,,,,,,,,,,,,,,,,
,,,,,,,,,,,,,,,,,,,
,,,,,,,,,,,,,,,,,,,
,,,,,,,,,,,,,,,,,,,
,,,,,,,,,,,,,,,,,,,
,,,,,,,,,,,,,,,,,,,
,,,,,,,,,,,,,,,,,,,
,,,,,,,,,,,,,,,,,,,
,,,,,,,,,,,,,,,,,,,
,,,,,,,,,,,,,,,,,,,
,,,,,,,,,,,,,,,,,,,
,,,,,,,,,,,,,,,,,,,
,,,,,,,,,,,,,,,,,,,
,,,,,,,,,,,,,,,,,,,
,,,,,,,,,,,,,,,,,,,
,,,,,,,,,,,,,,,,,,,
,,,,,,,,,,,,,,,,,,,
,,,,,,,,,,,,,,,,,,,
,,,,,,,,,,,,,,,,,,,
,,,,,,,,,,,,,,,,,,,
,,,,,,,,,,,,,,,,,,,
,,,,,,,,,,,,,,,,,,,
,,,,,,,,,,,,,,,,,,,
,,,,,,,,,,,,,,,,,,,
,,,,,,,,,,,,,,,,,,,
,,,,,,,,,,,,,,,,,,,
,,,,,,,,,,,,,,,,,,,
,,,,,,,,,,,,,,,,,,,
,,,,,,,,,,,,,,,,,,,
,,,,,,,,,,,,,,,,,,,
,,,,,,,,,,,,,,,,,,,
,,,,,,,,,,,,,,,,,,,
,,,,,,,,,,,,,,,,,,,
,,,,,,,,,,,,,,,,,,,
,,,,,,,,,,,,,,,,,,,
,,,,,,,,,,,,,,,,,,,
,,,,,,,,,,,,,,,,,,,
,,,,,,,,,,,,,,,,,,,
,,,,,,,,,,,,,,,,,,,
,,,,,,,,,,,,,,,,,,,
,,,,,,,,,,,,,,,,,,,
,,,,,,,,,,,,,,,,,,,
,,,,,,,,,,,,,,,,,,,
,,,,,,,,,,,,,,,,,,,
,,,,,,,,,,,,,,,,,,,
,,,,,,,,,,,,,,,,,,,
,,,,,,,,,,,,,,,,,,,
,,,,,,,,,,,,,,,,,,,
,,,,,,,,,,,,,,,,,,,
,,,,,,,,,,,,,,,,,,,
,,,,,,,,,,,,,,,,,,,
,,,,,,,,,,,,,,,,,,,
,,,,,,,,,,,,,,,,,,,
,,,,,,,,,,,,,,,,,,,
,,,,,,,,,,,,,,,,,,,
,,,,,,,,,,,,,,,,,,,
,,,,,,,,,,,,,,,,,,,
,,,,,,,,,,,,,,,,,,,
,,,,,,,,,,,,,,,,,,,
,,,,,,,,,,,,,,,,,,,
,,,,,,,,,,,,,,,,,,,
,,,,,,,,,,,,,,,,,,,
,,,,,,,,,,,,,,,,,,,
,,,,,,,,,,,,,,,,,,,
,,,,,,,,,,,,,,,,,,,
,,,,,,,,,,,,,,,,,,,
,,,,,,,,,,,,,,,,,,,
,,,,,,,,,,,,,,,,,,,
,,,,,,,,,,,,,,,,,,,
,,,,,,,,,,,,,,,,,,,
,,,,,,,,,,,,,,,,,,,
,,,,,,,,,,,,,,,,,,,
,,,,,,,,,,,,,,,,,,,
,,,,,,,,,,,,,,,,,,,
,,,,,,,,,,,,,,,,,,,
,,,,,,,,,,,,,,,,,,,
,,,,,,,,,,,,,,,,,,,
,,,,,,,,,,,,,,,,,,,
,,,,,,,,,,,,,,,,,,,
,,,,,,,,,,,,,,,,,,,
,,,,,,,,,,,,,,,,,,,
,,,,,,,,,,,,,,,,,,,
,,,,,,,,,,,,,,,,,,,
,,,,,,,,,,,,,,,,,,,
,,,,,,,,,,,,,,,,,,,
,,,,,,,,,,,,,,,,,,,
,,,,,,,,,,,,,,,,,,,
,,,,,,,,,,,,,,,,,,,
,,,,,,,,,,,,,,,,,,,
,,,,,,,,,,,,,,,,,,,
,,,,,,,,,,,,,,,,,,,
,,,,,,,,,,,,,,,,,,,
,,,,,,,,,,,,,,,,,,,
,,,,,,,,,,,,,,,,,,,
,,,,,,,,,,,,,,,,,,,
,,,,,,,,,,,,,,,,,,,
,,,,,,,,,,,,,,,,,,,
,,,,,,,,,,,,,,,,,,,
,,,,,,,,,,,,,,,,,,,
,,,,,,,,,,,,,,,,,,,DTI Data 5
,,,,,,,,,,,,,,,,,,,
,,,,,,,,,,,,,,,,,,,
,,,,,,,,,,,,,,,,,,,
,,,,,,,,,,,,,,,,,,,
,,,,,,,,,,,,,,,,,,,IMD general
,,,,,,,,,,,,,,,,,,,
,,,,,,,,,,,,,,,,,,,IMD isolation detail
,,,,,,,,,,,,,,,,,,,IMD voltage
,,,,,,,,,,,,,,,,,,,IMD IT-system
,,,,,,,,,,,,,,,,,,,IMD request
,,,,,,,,,,,,,,,,,,,IMD response
,,,,,,,,,,,,,,,,,,,
,,,,,,,,,,,,,,,,,,,
,,,,,,,,,,,,,,,,,,,
,,,,,,,,,,,,,,,,,,,
0x031,,,,,,,,,,,,,,,,,,,
0x032,,,,,,,,,,,,,,,,,,,
0x033,,,,,,,,,,,,,,,,,,,
0x034,,,,,,,,,,,,,,,,,,,
0x035,,,,,,,,,,,,,,,,,,,
0x036,,,,,,,,,,,,,,,,,,,
0x037,,,,,,,,,,,,,,,,,,,
0x038,,,,,,,,,,,,,,,,,,,
0x039,,,,,,,,,,,,,,,,,,,
0x03A,,,,,,,,,,,,,,,,,,,
0x03B,,,,,,,,,,,,,,,,,,,
0x03C,,,,,,,,,,,,,,,,,,,
0x03D,,,,,,,,,,,,,,,,,,,
0x03E,,,,,,,,,,,,,,,,,,,
0x03F,,,,,,,,,,,,,,,,,,,
0x040,,,,,,,,,,,,,,,,,,,
0x041,,,,,,,,,,,,,,,,,,,
0x042,,,,,,,,,,,,,,,,,,,
0x043,,,,,,,,,,,,,,,,,,,
0x044,,,,,,,,,,,,,,,,,,,
0x045,,,,,,,,,,,,,,,,,,,
0x046,,,,,,,,,,,,,,,,,,,
0x047,,,,,,,,,,,,,,,,,,,
0x048,,,,,,,,,,,,,,,,,,,
0x049,,,,,,,,,,,,,,,,,,,
0x04A,,,,,,,,,,,,,,,,,,,
0x04B,,,,,,,,,,,,,,,,,,,
0x04C,,,,,,,,,,,,,,,,,,,
0x04D,,,,,,,,,,,,,,,,,,,
0x04E,,,,,,,,,,,,,,,,,,,
0x04F,,,,,,,,,,,,,,,,,,,
0x050,,,,,,,,,,,,,,,,,,,
0x051,,,,,,,,,,,,,,,,,,,
0x052,,,,,,,,,,,,,,,,,,,
0x053,,,,,,,,,,,,,,,,,,,
0x054,,,,,,,,,,,,,,,,,,,
0x055,,,,,,,,,,,,,,,,,,,
0x056,,,,,,,,,,,,,,,,,,,
0x057,,,,,,,,,,,,,,,,,,,
0x058,,,,,,,,,,,,,,,,,,,
0x059,,,,,,,,,,,,,,,,,,,
0x05A,,,,,,,,,,,,,,,,,,,
0x05B,,,,,,,,,,,,,,,,,,,
0x05C,,,,,,,,,,,,,,,,,,,
0x05D,,,,,,,,,,,,,,,,,,,
0x05E,,,,,,,,,,,,,,,,,,,
0x05F,,,,,,,,,,,,,,,,,,,
0x060,,,,,,,,,,,,,,,,,,,
0x061,,,,,,,,,,,,,,,,,,,
0x062,,,,,,,,,,,,,,,,,,,
0x063,,,,,,,,,,,,,,,,,,,
0x064,,,,,,,,,,,,,,,,,,,
0x065,,,,,,,,,,,,,,,,,,,
0x066,,,,,,,,,,,,,,,,,,,
0x067,,,,,,,,,,,,,,,,,,,
0x068,,,,,,,,,,,,,,,,,,,
0x069,,,,,,,,,,,,,,,,,,,
0x06A,,,,,,,,,,,,,,,,,,,
0x06B,,,,,,,,,,,,,,,,,,,
0x06C,,,,,,,,,,,,,,,,,,,
0x06D,,,,,,,,,,,,,,,,,,,
0x06E,,,,,,,,,,,,,,,,,,,
0x06F,,,,,,,,,,,,,,,,,,,
0x070,,,,,,,,,,,,,,,,,,,
0x071,,,,,,,,,,,,,,,,,,,
0x072,,,,,,,,,,,,,,,,,,,
0x073,,,,,,,,,,,,,,,,,,,
0x074,,,,,,,,,,,,,,,,,,,
0x075,,,,,,,,,,,,,,,,,,,
0x076,,,,,,,,,,,,,,,,,,,
0x077,,,,,,,,,,,,,,,,,,,
0x078,,,,,,,,,,,,,,,,,,,
0x079,,,,,,,,,,,,,,,,,,,
0x07A,,,,,,,,,,,,,,,,,,,
0x07B,,,,,,,,,,,,,,,,,,,
0x07C,,,,,,,,,,,,,,,,,,,
0x07D,,,,,,,,,,,,,,,,,,,
0x07E,,,,,,,,,,,,,,,,,,,
0x07F,,,,,,,,,,,,,,,,,,,
0x080,,,,,,,,,,,,,,,,,,,
0x081,,,,,,,,,,,,,,,,,,,
0x082,,,,,,,,,,,,,,,,,,,
0x083,,,,,,,,,,,,,,,,,,,
0x084,,,,,,,,,,,,,,,,,,,
0x085,,,,,,,,,,,,,,,,,,,
0x086,,,,,,,,,,,,,,,,,,,
0x087,,,,,,,,,,,,,,,,,,,
0x088,,,,,,,,,,,,,,,,,,,
0x089,,,,,,,,,,,,,,,,,,,
0x08A,,,,,,,,,,,,,,,,,,,
0x08B,,,,,,,,,,,,,,,,,,,
0x08C,,,,,,,,,,,,,,,,,,,
0x08D,,,,,,,,,,,,,,,,,,,
0x08E,,,,,,,,,,,,,,,,,,,
0x08F,,,,,,,,,,,,,,,,,,,
0x090,,,,,,,,,,,,,,,,,,,
0x091,,,,,,,,,,,,,,,,,,,
0x092,,,,,,,,,,,,,,,,,,,
0x093,,,,,,,,,,,,,,,,,,,
0x094,,,,,,,,,,,,,,,,,,,
0x095,,,,,,,,,,,,,,,,,,,
0x096,,,,,,,,,,,,,,,,,,,
0x097,,,,,,,,,,,,,,,,,,,
0x098,,,,,,,,,,,,,,,,,,,
0x099,,,,,,,,,,,,,,,,,,,
0x09A,,,,,,,,,,,,,,,,,,,
0x09B,,,,,,,,,,,,,,,,,,,
0x09C,,,,,,,,,,,,,,,,,,,
0x09D,,,,,,,,,,,,,,,,,,,
0x09E,,,,,,,,,,,,,,,,,,,
0x09F,,,,,,,,,,,,,,,,,,,
0x0A0,,,,,,,,,,,,,,,,,,,
0x0A1,,,,,,,,,,,,,,,,,,,
0x0A2,,,,,,,,,,,,,,,,,,,
0x0A3,,,,,,,,,,,,,,,,,,,
0x0A4,,,,,,,,,,,,,,,,,,,
0x0A5,,,,,,,,,,,,,,,,,,,
0x0A6,,,,,,,,,,,,,,,,,,,
0x0A7,,,,,,,,,,,,,,,,,,,
0x0A8,,,,,,,,,,,,,,,,,,,
0x0A9,,,,,,,,,,,,,,,,,,,
0x0AA,,,,,,,,,,,,,,,,,,,
0x0AB,,,,,,,,,,,,,,,,,,,
0x0AC,,,,,,,,,,,,,,,,,,,
0x0AD,,,,,,,,,,,,,,,,,,,
0x0AE,,,,,,,,,,,,,,,,,,,
0x0AF,,,,,,,,,,,,,,,,,,,
0x0B0,,,,,,,,,,,,,,,,,,,
0x0B1,,,,,,,,,,,,,,,,,,,
0x0B2,,,,,,,,,,,,,,,,,,,
0x0B3,,,,,,,,,,,,,,,,,,,
0x0B4,,,,,,,,,,,,,,,,,,,
0x0B5,,,,,,,,,,,,,,,,,,,
0x0B6,,,,,,,,,,,,,,,,,,,
0x0B7,,,,,,,,,,,,,,,,,,,
0x0B8,,,,,,,,,,,,,,,,,,,
0x0B9,,,,,,,,,,,,,,,,,,,
0x0BA,,,,,,,,,,,,,,,,,,,
0x0BB,,,,,,,,,,,,,,,,,,,
0x0BC,,,,,,,,,,,,,,,,,,,
0x0BD,,,,,,,,,,,,,,,,,,,
0x0BE,,,,,,,,,,,,,,,,,,,
0x0BF,,,,,,,,,,,,,,,,,,,
0x0C0,,,,,,,,,,,,,,,,,,,
0x0C1,,,,,,,,,,,,,,,,,,,
0x0C2,,,,,,,,,,,,,,,,,,,
0x0C3,,,,,,,,,,,,,,,,,,,
0x0C4,,,,,,,,,,,,,,,,,,,
0x0C5,,,,,,,,,,,,,,,,,,,
0x0C6,,,,,,,,,,,,,,,,,,,
0x0C7,,,,,,,,,,,,,,,,,,,
0x0C8,,,,,,,,,,,,,,,,,,,
0x0C9,,,,,,,,,,,,,,,,,,,
0x0CA,,,,,,,,,,,,,,,,,,,
0x0CB,,,,,,,,,,,,,,,,,,,
0x0CC,,,,,,,,,,,,,,,,,,,
0x0CD,,,,,,,,,,,,,,,,,,,
0x0CE,,,,,,,,,,,,,,,,,,,
0x0CF,,,,,,,,,,,,,,,,,,,
0x0D0,,,,,,,,,,,,,,,,,,,
0x0D1,,,,,,,,,,,,,,,,,,,
0x0D2,,,,,,,,,,,,,,,,,,,
0x0D3,,,,,,,,,,,,,,,,,,,
0x0D4,,,,,,,,,,,,,,,,,,,
0x0D5,,,,,,,,,,,,,,,,,,,
0x0D6,,,,,,,,,,,,,,,,,,,
0x0D7,,,,,,,,,,,,,,,,,,,
0x0D8,,,,,,,,,,,,,,,,,,,
0x0D9,,,,,,,,,,,,,,,,,,,
0x0DA,,,,,,,,,,,,,,,,,,,
0x0DB,,,,,,,,,,,,,,,,,,,
0x0DC,,,,,,,,,,,,,,,,,,,
0x0DD,,,,,,,,,,,,,,,,,,,
0x0DE,,,,,,,,,,,,,,,,,,,
0x0DF,,,,,,,,,,,,,,,,,,,
0x0E0,,,,,,,,,,,,,,,,,,,
0x0E1,,,,,,,,,,,,,,,,,,,
0x0E2,,,,,,,,,,,,,,,,,,,
0x0E3,,,,,,,,,,,,,,,,,,,
0x0E4,,,,,,,,,,,,,,,,,,,
0x0E5,,,,,,,,,,,,,,,,,,,
0x0E6,,,,,,,,,,,,,,,,,,,
0x0E7,,,,,,,,,,,,,,,,,,,
0x0E8,,,,,,,,,,,,,,,,,,,
0x0E9,,,,,,,,,,,,,,,,,,,
0x0EA,,,,,,,,,,,,,,,,,,,
0x0EB,,,,,,,,,,,,,,,,,,,
0x0EC,,,,,,,,,,,,,,,,,,,
0x0ED,,,,,,,,,,,,,,,,,,,
0x0EE,Debug Enable,2,,,,,,,,,,,,,,,,,
0x0EF,,,,,,,,,,,,,,,,,,,
0x0F0,,,,,,,,,,,,,,,,,,,
0x0F1,,,,,,,,,,,,,,,,,,,
0x0F2,,,,,,,,,,,,,,,,,,,
0x0F3,,,,,,,,,,,,,,,,,,,
0x0F4,,,,,,,,,,,,,,,,,,,
0x0F5,,,,,,,,,,,,,,,,,,,
0x0F6,,,,,,,,,,,,,,,,,,,
0x0F7,,,,,,,,,,,,,,,,,,,
0x0F8,,,,,,,,,,,,,,,,,,,
0x0F9,,,,,,,,,,,,,,,,,,,
0x0FA,,,,,,,,,,,,,,,,,,,
0x0FB,,,,,,,,,,,,,,,,,,,
0x0FC,,,,,,,,,,,,,,,,,,,
0x0FD,,,,,,,,,,,,,,,,,,,
0x0FE,,,,,,,,,,,,,,,,,,,
0x0FF,,,,,,,,,,,,,,,,,,,
0xFFF,,,,,,,,,,,,,,,,,,,
,,,0,0,Debug ECU,Enable/Disable Debug Messages for whichever device,,0,1,-,-,-,Bool,,,,,,
,,,,1,Debug ACU,,,,,,,,,,,,,,
,,,,2,Debug GR Inverter (1),,,,,,,,,,,,,,
,,,,3,Debug GR Inverter (2),,,,,,,,,,,,,,
,,,,4,Debug GR Inverter (3),,,,,,,,,,,,,,
,,,,5,Debug GR Inverter (4),,,,,,,,,,,,,,
,,,,6,Debug TCM,,,,,,,,,,,,,,
,,,,7,Debug Dash,,,,,,,,,,,,,,
,,,1,8,Debug Steering,,,,,,,,,,,,,,
,,,,9,Reserved,,,,,,,,,,,,,,
,,,,10,Reserved,,,,,,,,,,,,,,
,,,,11,Reserved,,,,,,,,,,,,,,
,,,,12,Reserved,,,,,,,,,,,,,,
,,,,13,Reserved,,,,,,,,,,,,,,
,,,,14,Reserved,,,,,,,,,,,,,,
,,,,15,Reserved,,,,,,,,,,,,,,